{
    "0": {
        "x": 623.6440837113299,
        "y": 198.4072460722332,
        "width": 105,
        "height": 105
    },
    "1": {
        "x": 546.524318400614,
        "y": 135.7595184869077,
        "width": 105,
        "height": 105
    },
    "2": {
        "x": 1009.9835275886539,
        "y": 114.7595184869077,
        "width": 105,
        "height": 105
    },
    "3": {
        "x": 352.4909888494475,
        "y": 237.75951848690772,
        "width": 105,
        "height": 105
    },
    "4": {
        "x": 486.5138133965739,
        "y": 114.7595184869077,
        "width": 105,
        "height": 105
    },
    "5": {
        "x": 333.6131141134594,
        "y": 476.16183994366577,
        "width": 105,
        "height": 105
    },
    "6": {
        "x": 663.4889305480121,
        "y": 219.4072460722332,
        "width": 105,
        "height": 105
    },
    "7": {
        "x": 212.85612736433094,
        "y": 455.16183994366577,
        "width": 105,
        "height": 105
    },
    "8": {
        "x": 519.0092613121137,
        "y": 135.7595184869077,
        "width": 105,
        "height": 105
    },
    "9": {
        "x": 1117.6294524186321,
        "y": 421.14385304580816,
        "width": 105,
        "height": 105
    },
    "10": {
        "x": 567.0142013502315,
        "y": 455.1618399436659,
        "width": 105,
        "height": 105
    },
    "11": {
        "x": 481.13855113033856,
        "y": 177.4072460722332,
        "width": 105,
        "height": 105
    },
    "12": {
        "x": 877.9961350929563,
        "y": 539.1618399436658,
        "width": 105,
        "height": 105
    },
    "13": {
        "x": 113.03481413865268,
        "y": 518.1618399436658,
        "width": 105,
        "height": 105
    },
    "14": {
        "x": 1293.3922185369133,
        "y": 309.7595184869077,
        "width": 105,
        "height": 105
    },
    "15": {
        "x": 729.2597588554356,
        "y": 533.1618399436658,
        "width": 105,
        "height": 105
    },
    "16": {
        "x": 126.27580608529951,
        "y": 135.75951848690775,
        "width": 105,
        "height": 105
    },
    "17": {
        "x": 321.00943318807856,
        "y": 198.40724607223316,
        "width": 105,
        "height": 105
    },
    "18": {
        "x": 952.5680301736228,
        "y": 554.1618399436658,
        "width": 105,
        "height": 105
    },
    "19": {
        "x": 66.16966912988568,
        "y": 21.0,
        "width": 105,
        "height": 105
    },
    "20": {
        "x": 1353.7817272012776,
        "y": 411.75951848690767,
        "width": 105,
        "height": 105
    },
    "21": {
        "x": 1447.756795946533,
        "y": 476.16183994366577,
        "width": 105,
        "height": 105
    },
    "22": {
        "x": 1256.4650565775905,
        "y": 533.161839943666,
        "width": 105,
        "height": 105
    },
    "23": {
        "x": 1230.6765714385879,
        "y": 554.1618399436659,
        "width": 105,
        "height": 105
    },
    "24": {
        "x": 337.3602833705007,
        "y": 21.0,
        "width": 105,
        "height": 105
    },
    "25": {
        "x": 1212.8693206911082,
        "y": 533.1618399436659,
        "width": 105,
        "height": 105
    },
    "26": {
        "x": 1408.060579090073,
        "y": 533.1618399436654,
        "width": 105,
        "height": 105
    },
    "27": {
        "x": 768.5957456124925,
        "y": 476.16183994366577,
        "width": 105,
        "height": 105
    },
    "28": {
        "x": 45.169669129885676,
        "y": 37.62606046031196,
        "width": 105,
        "height": 105
    },
    "29": {
        "x": 1410.7817272012774,
        "y": 497.1618399436658,
        "width": 105,
        "height": 105
    },
    "30": {
        "x": 845.3149980700438,
        "y": 63.759518486907695,
        "width": 180,
        "height": 180
    },
    "31": {
        "x": 807.640652012645,
        "y": 195.7595184869077,
        "width": 405,
        "height": 405
    },
    "32": {
        "x": 1019.3416121796773,
        "y": 249.33864512798175,
        "width": 330,
        "height": 330
    },
    "33": {
        "x": 747.5957456124925,
        "y": 249.40724607223316,
        "width": 255,
        "height": 255
    },
    "34": {
        "x": 483.95492433983907,
        "y": 255.4072460722332,
        "width": 180,
        "height": 180
    },
    "35": {
        "x": 562.0359848948045,
        "y": 288.7595184869077,
        "width": 255,
        "height": 255
    },
    "36": {
        "x": 511.8015717261239,
        "y": 93.7595184869077,
        "width": 330,
        "height": 330
    },
    "37": {
        "x": 1045.983527588654,
        "y": 291.40724607223325,
        "width": 180,
        "height": 180
    },
    "38": {
        "x": 402.0094331880788,
        "y": 216.7595184869077,
        "width": 405,
        "height": 405
    },
    "39": {
        "x": 588.952044261822,
        "y": 213.4072460722332,
        "width": 180,
        "height": 180
    },
    "40": {
        "x": 1110.151095780947,
        "y": 177.4072460722332,
        "width": 180,
        "height": 180
    },
    "41": {
        "x": 390.3939813433447,
        "y": 491.16183994366577,
        "width": 180,
        "height": 180
    },
    "42": {
        "x": 1097.367029230164,
        "y": 324.7595184869077,
        "width": 255,
        "height": 255
    },
    "43": {
        "x": 604.6643722972071,
        "y": 345.7595184869077,
        "width": 180,
        "height": 180
    },
    "44": {
        "x": 1064.7909774032905,
        "y": 114.7595184869077,
        "width": 255,
        "height": 255
    },
    "45": {
        "x": 903.2072281254672,
        "y": 309.7595184869077,
        "width": 180,
        "height": 180
    },
    "46": {
        "x": 1163.4581029537467,
        "y": 309.7595184869077,
        "width": 180,
        "height": 180
    },
    "47": {
        "x": 66.16966912988572,
        "y": 114.7595184869077,
        "width": 180,
        "height": 180
    },
    "48": {
        "x": 191.85612736433094,
        "y": 455.16183994366577,
        "width": 555,
        "height": 555
    },
    "49": {
        "x": 699.7071909309717,
        "y": 327.4072460722331,
        "width": 180,
        "height": 180
    },
    "50": {
        "x": 1088.7251365404184,
        "y": 390.75951848690767,
        "width": 330,
        "height": 330
    },
    "51": {
        "x": 1007.7312776448081,
        "y": 381.75951848690744,
        "width": 180,
        "height": 180
    },
    "52": {
        "x": 30.16966912988572,
        "y": 114.7595184869077,
        "width": 255,
        "height": 255
    },
    "53": {
        "x": 1153.982244559736,
        "y": 186.7595184869077,
        "width": 180,
        "height": 180
    },
    "54": {
        "x": 798.1412418030955,
        "y": 327.4072460722332,
        "width": 180,
        "height": 180
    },
    "55": {
        "x": 607.1754315645052,
        "y": 602.1618399436658,
        "width": 555,
        "height": 555
    },
    "56": {
        "x": 300.00943318807856,
        "y": 171.75951848690772,
        "width": 180,
        "height": 180
    },
    "57": {
        "x": 515.5172090669915,
        "y": 213.4072460722332,
        "width": 180,
        "height": 180
    },
    "58": {
        "x": 410.0855742227772,
        "y": 441.5716261048907,
        "width": 180,
        "height": 180
    },
    "59": {
        "x": 870.4546636256161,
        "y": 345.7595184869077,
        "width": 180,
        "height": 180
    },
    "60": {
        "x": 1245.3771924204066,
        "y": 273.7595184869077,
        "width": 180,
        "height": 180
    },
    "61": {
        "x": 783.5957456124925,
        "y": 426.7595184869078,
        "width": 180,
        "height": 180
    },
    "62": {
        "x": 300.00943318807856,
        "y": 63.759518486907666,
        "width": 180,